Date,Open,High,Low,Close,Adj Close,Volume
"Nov 1, 2024",11.21,11.22,10.81,11.04,11.04,"41,561,500"
"Oct 31, 2024",11.16,11.32,10.88,11.17,11.17,"59,129,200"
"Oct 30, 2024",10.47,11.50,10.46,11.22,11.22,"95,149,900"
"Oct 29, 2024",10.75,10.80,9.77,10.47,10.47,"164,917,900"
"Oct 28, 2024",11.21,11.31,11.02,11.19,11.19,"69,753,400"
"Oct 25, 2024",11.21,11.34,10.89,10.99,10.99,"58,331,300"
"Oct 24, 2024",10.91,11.30,10.78,10.93,10.93,"72,141,300"
"Oct 23, 2024",10.55,10.65,10.18,10.42,10.42,"38,130,400"
"Oct 22, 2024",10.32,10.62,10.32,10.58,10.58,"36,501,700"
"Oct 21, 2024",10.26,10.54,10.19,10.40,10.40,"50,814,300"
"Oct 18, 2024",9.91,10.18,9.88,10.18,10.18,"31,400,300"
"Oct 17, 2024",10.01,10.03,9.62,9.87,9.87,"50,293,900"
"Oct 16, 2024",10.23,10.32,9.91,10.04,10.04,"48,045,000"
"Oct 15, 2024",10.16,10.49,10.03,10.18,10.18,"87,195,400"
"Oct 14, 2024",9.62,10.07,9.38,10.04,10.04,"116,449,900"
"Oct 11, 2024",8.65,9.07,8.63,9.01,9.01,"42,833,300"
"Oct 10, 2024",8.51,8.76,8.46,8.63,8.63,"46,015,000"
"Oct 9, 2024",8.41,8.66,8.30,8.59,8.59,"32,950,100"
"Oct 8, 2024",8.32,8.60,8.26,8.41,8.41,"40,451,800"
"Oct 7, 2024",8.36,8.52,8.16,8.27,8.27,"40,480,600"
"Oct 4, 2024",8.03,8.40,7.90,8.39,8.39,"58,014,300"
"Oct 3, 2024",7.75,7.86,7.65,7.83,7.83,"28,729,000"
"Oct 2, 2024",7.60,7.83,7.57,7.79,7.79,"27,871,200"
"Oct 1, 2024",7.88,7.90,7.61,7.63,7.63,"34,573,700"
"Sep 30, 2024",7.90,8.07,7.81,7.86,7.86,"28,296,700"
"Sep 27, 2024",7.82,8.10,7.82,7.95,7.95,"33,376,700"
"Sep 26, 2024",7.83,7.87,7.68,7.76,7.76,"27,429,400"
"Sep 25, 2024",7.85,7.88,7.71,7.73,7.73,"26,123,100"
"Sep 24, 2024",7.96,7.97,7.58,7.83,7.83,"47,198,600"
"Sep 23, 2024",8.12,8.13,7.91,7.92,7.92,"31,400,000"
"Sep 20, 2024",8.14,8.22,8.01,8.05,8.05,"36,453,900"
"Sep 19, 2024",8.44,8.46,8.13,8.19,8.19,"58,745,600"
"Sep 18, 2024",8.10,8.53,8.04,8.11,8.11,"63,736,800"
"Sep 17, 2024",8.20,8.28,8.06,8.12,8.12,"49,071,800"
"Sep 16, 2024",7.74,8.08,7.63,8.06,8.06,"44,920,400"
"Sep 13, 2024",7.52,7.74,7.52,7.74,7.74,"45,043,900"
"Sep 12, 2024",7.29,7.51,7.24,7.46,7.46,"39,131,900"
"Sep 11, 2024",7.02,7.35,6.95,7.31,7.31,"42,877,800"
"Sep 10, 2024",7.16,7.17,6.75,7.05,7.05,"57,932,200"
"Sep 9, 2024",7.04,7.21,7.01,7.08,7.08,"33,004,200"
"Sep 6, 2024",7.29,7.40,6.92,7.01,7.01,"46,372,000"
"Sep 5, 2024",7.55,7.64,7.24,7.26,7.26,"37,429,500"
"Sep 4, 2024",7.41,7.76,7.41,7.48,7.48,"34,795,200"
"Sep 3, 2024",7.89,7.92,7.48,7.53,7.53,"43,359,200"
"Aug 30, 2024",8.11,8.23,7.81,7.99,7.99,"40,858,700"
"Aug 29, 2024",7.65,8.30,7.64,8.03,8.03,"84,954,500"
"Aug 28, 2024",7.70,7.73,7.40,7.49,7.49,"33,583,100"
"Aug 27, 2024",7.58,7.89,7.54,7.77,7.77,"27,703,700"
"Aug 26, 2024",7.61,7.79,7.55,7.67,7.67,"31,511,400"
"Aug 23, 2024",7.21,7.56,7.18,7.52,7.52,"52,448,400"
"Aug 22, 2024",7.32,7.34,7.18,7.19,7.19,"29,843,200"
"Aug 21, 2024",7.40,7.43,7.13,7.30,7.30,"38,849,700"
"Aug 20, 2024",7.39,7.51,7.28,7.37,7.37,"42,987,600"
"Aug 19, 2024",7.11,7.50,7.09,7.46,7.46,"51,562,200"
"Aug 16, 2024",6.90,7.08,6.89,7.00,7.00,"24,474,900"
"Aug 15, 2024",6.74,6.96,6.69,6.91,6.91,"36,188,900"
"Aug 14, 2024",6.75,6.78,6.56,6.61,6.61,"22,578,400"
"Aug 13, 2024",6.50,6.65,6.49,6.64,6.64,"26,015,000"
"Aug 12, 2024",6.62,6.67,6.47,6.48,6.48,"26,316,800"
"Aug 9, 2024",6.62,6.73,6.55,6.64,6.64,"19,048,600"
"Aug 8, 2024",6.46,6.71,6.41,6.64,6.64,"27,594,800"
"Aug 7, 2024",6.60,6.75,6.31,6.32,6.32,"32,106,700"
"Aug 6, 2024",6.62,6.62,6.39,6.43,6.43,"41,670,300"
"Aug 5, 2024",6.03,6.79,6.01,6.54,6.54,"65,657,400"
"Aug 2, 2024",6.90,6.95,6.59,6.65,6.65,"63,300,900"
"Aug 1, 2024",7.57,7.66,7.07,7.16,7.16,"50,282,600"
"Jul 31, 2024",7.48,7.83,7.26,7.54,7.54,"66,168,200"
"Jul 30, 2024",7.58,7.95,7.10,7.42,7.42,"90,519,300"
"Jul 29, 2024",7.46,7.52,7.23,7.33,7.33,"65,272,600"
"Jul 26, 2024",7.48,7.50,7.29,7.41,7.41,"29,482,400"
"Jul 25, 2024",7.00,7.41,7.00,7.27,7.27,"35,574,200"
"Jul 24, 2024",7.33,7.50,7.09,7.10,7.10,"34,636,100"
"Jul 23, 2024",7.50,7.66,7.42,7.43,7.43,"23,486,300"
"Jul 22, 2024",7.59,7.64,7.33,7.54,7.54,"38,964,600"
"Jul 19, 2024",7.50,7.61,7.31,7.47,7.47,"33,123,300"
"Jul 18, 2024",7.87,8.06,7.49,7.53,7.53,"56,454,300"
"Jul 17, 2024",7.57,7.91,7.57,7.84,7.84,"65,800,500"
"Jul 16, 2024",7.44,7.82,7.34,7.75,7.75,"63,079,500"
"Jul 15, 2024",7.06,7.43,7.01,7.33,7.33,"57,035,700"
"Jul 12, 2024",6.89,7.00,6.81,6.97,6.97,"37,128,300"
"Jul 11, 2024",6.80,6.93,6.68,6.77,6.77,"46,656,300"
"Jul 10, 2024",6.42,6.62,6.32,6.57,6.57,"37,482,300"
"Jul 9, 2024",6.35,6.38,6.15,6.38,6.38,"40,392,200"
"Jul 8, 2024",6.49,6.53,6.35,6.35,6.35,"22,763,700"
"Jul 5, 2024",6.48,6.51,6.38,6.47,6.47,"15,639,700"
"Jul 3, 2024",6.48,6.55,6.41,6.52,6.52,"15,364,300"
"Jul 2, 2024",6.43,6.48,6.29,6.45,6.45,"26,977,400"
"Jul 1, 2024",6.60,6.67,6.41,6.43,6.43,"30,828,100"
"Jun 28, 2024",6.60,6.65,6.53,6.61,6.61,"30,002,000"
"Jun 27, 2024",6.41,6.54,6.36,6.54,6.54,"18,808,000"
"Jun 26, 2024",6.40,6.48,6.36,6.46,6.46,"18,400,200"
"Jun 25, 2024",6.54,6.54,6.41,6.45,6.45,"19,627,200"
"Jun 24, 2024",6.32,6.57,6.30,6.54,6.54,"32,286,900"
"Jun 21, 2024",6.30,6.35,6.20,6.32,6.32,"34,537,200"
"Jun 20, 2024",6.42,6.45,6.26,6.32,6.32,"31,396,900"
"Jun 18, 2024",6.46,6.60,6.39,6.42,6.42,"28,420,200"
"Jun 17, 2024",6.46,6.49,6.30,6.46,6.46,"45,193,300"
"Jun 14, 2024",6.71,6.76,6.43,6.46,6.46,"75,531,400"
"Jun 13, 2024",7.10,7.13,6.77,6.80,6.80,"51,888,300"
"Jun 12, 2024",7.17,7.43,7.05,7.07,7.07,"57,027,300"
"Jun 11, 2024",7.00,7.04,6.90,7.00,7.00,"20,066,600"
"Jun 10, 2024",6.90,7.07,6.88,7.03,7.03,"20,848,000"
"Jun 7, 2024",6.92,7.05,6.86,6.99,6.99,"26,082,300"
"Jun 6, 2024",6.90,7.09,6.84,7.08,7.08,"26,131,000"
"Jun 5, 2024",6.77,6.94,6.72,6.91,6.91,"32,061,500"
"Jun 4, 2024",6.75,6.86,6.71,6.72,6.72,"27,546,400"
"Jun 3, 2024",6.97,6.99,6.75,6.77,6.77,"31,596,700"
"May 31, 2024",6.95,6.99,6.76,6.90,6.90,"28,216,900"
"May 30, 2024",6.84,6.93,6.81,6.91,6.91,"21,911,400"
"May 29, 2024",6.78,6.85,6.68,6.85,6.85,"26,240,400"
"May 28, 2024",6.99,7.05,6.87,6.89,6.89,"31,435,900"
"May 24, 2024",6.87,7.00,6.87,6.92,6.92,"21,484,400"
"May 23, 2024",7.04,7.07,6.77,6.83,6.83,"53,003,900"
"May 22, 2024",7.06,7.14,6.97,7.02,7.02,"28,018,400"
"May 21, 2024",7.15,7.20,7.05,7.08,7.08,"24,500,700"
"May 20, 2024",7.25,7.29,7.17,7.19,7.19,"20,605,800"
"May 17, 2024",7.15,7.42,7.12,7.28,7.28,"36,606,000"
"May 16, 2024",7.23,7.30,7.11,7.12,7.12,"28,905,000"
"May 15, 2024",7.63,7.63,7.21,7.27,7.27,"35,185,400"
"May 14, 2024",7.21,7.64,7.20,7.47,7.47,"74,991,900"
"May 13, 2024",7.03,7.32,7.00,7.11,7.11,"55,264,000"
"May 10, 2024",7.05,7.09,6.92,6.94,6.94,"29,080,800"
"May 9, 2024",7.08,7.13,6.99,7.06,7.06,"22,463,500"
"May 8, 2024",6.98,7.09,6.93,7.05,7.05,"29,637,600"
"May 7, 2024",7.12,7.19,7.03,7.06,7.06,"31,025,600"
"May 6, 2024",7.05,7.27,7.03,7.16,7.16,"50,016,600"
"May 3, 2024",7.13,7.24,6.88,6.96,6.96,"56,618,000"
"May 2, 2024",7.03,7.11,6.86,6.99,6.99,"45,473,400"
"May 1, 2024",6.70,7.18,6.65,6.92,6.92,"68,347,700"
"Apr 30, 2024",6.88,6.89,6.61,6.78,6.78,"78,411,600"
"Apr 29, 2024",7.37,7.45,7.00,7.05,7.05,"149,660,200"
"Apr 26, 2024",7.70,7.90,7.58,7.87,7.87,"88,631,000"
"Apr 25, 2024",7.42,7.60,7.26,7.59,7.59,"47,658,800"
"Apr 24, 2024",7.61,7.68,7.46,7.60,7.60,"39,726,800"
"Apr 23, 2024",7.24,7.59,7.22,7.58,7.58,"40,321,500"
"Apr 22, 2024",7.17,7.29,7.11,7.25,7.25,"31,327,400"
"Apr 19, 2024",7.08,7.28,7.05,7.11,7.11,"36,530,500"
"Apr 18, 2024",7.16,7.38,7.07,7.13,7.13,"34,419,100"
"Apr 17, 2024",7.23,7.34,7.12,7.16,7.16,"29,625,600"
"Apr 16, 2024",7.05,7.28,6.97,7.20,7.20,"34,200,500"
"Apr 15, 2024",7.33,7.42,7.08,7.12,7.12,"33,759,400"
"Apr 12, 2024",7.56,7.60,7.30,7.33,7.33,"36,044,300"
"Apr 11, 2024",7.57,7.64,7.43,7.64,7.64,"28,651,700"
"Apr 10, 2024",7.65,7.80,7.48,7.56,7.56,"53,826,100"
"Apr 9, 2024",7.82,7.94,7.73,7.89,7.89,"46,554,000"
"Apr 8, 2024",7.51,7.77,7.50,7.76,7.76,"56,858,200"
"Apr 5, 2024",7.30,7.46,7.25,7.40,7.40,"29,121,300"
"Apr 4, 2024",7.65,7.71,7.27,7.31,7.31,"49,594,100"
"Apr 3, 2024",7.31,7.58,7.23,7.54,7.54,"50,638,600"
"Apr 2, 2024",7.05,7.22,6.97,7.20,7.20,"29,678,800"
"Apr 1, 2024",7.31,7.34,7.12,7.22,7.22,"31,681,900"
"Mar 28, 2024",7.33,7.47,7.29,7.30,7.30,"30,108,100"
"Mar 27, 2024",7.28,7.37,7.17,7.36,7.36,"34,738,800"
"Mar 26, 2024",7.35,7.46,7.16,7.20,7.20,"39,576,600"
"Mar 25, 2024",7.28,7.60,7.25,7.45,7.45,"27,430,900"
"Mar 22, 2024",7.32,7.41,7.24,7.30,7.30,"23,188,400"
"Mar 21, 2024",7.55,7.57,7.36,7.44,7.44,"56,091,900"
"Mar 20, 2024",6.93,7.37,6.87,7.36,7.36,"61,455,100"
"Mar 19, 2024",6.92,7.03,6.82,6.92,6.92,"50,479,000"
"Mar 18, 2024",7.07,7.11,6.86,7.08,7.08,"47,168,400"
"Mar 15, 2024",7.03,7.05,6.91,7.03,7.03,"52,674,400"
"Mar 14, 2024",7.33,7.35,6.99,7.05,7.05,"69,575,100"
"Mar 13, 2024",7.43,7.56,7.36,7.38,7.38,"42,118,300"
"Mar 12, 2024",7.68,7.69,7.38,7.48,7.48,"49,576,500"
"Mar 11, 2024",7.80,7.95,7.61,7.68,7.68,"59,023,000"
"Mar 8, 2024",7.52,7.83,7.47,7.71,7.71,"76,490,500"
"Mar 7, 2024",7.50,7.58,7.18,7.47,7.47,"83,118,900"
"Mar 6, 2024",7.37,7.62,7.05,7.40,7.40,"131,025,300"
"Mar 5, 2024",8.07,8.20,7.26,7.27,7.27,"187,827,900"
"Mar 4, 2024",9.05,9.13,8.57,8.58,8.58,"35,426,400"
"Mar 1, 2024",8.99,9.04,8.77,8.99,8.99,"26,200,600"
"Feb 29, 2024",9.07,9.14,8.82,8.98,8.98,"29,742,200"
"Feb 28, 2024",9.04,9.18,8.83,8.86,8.86,"42,120,700"
"Feb 27, 2024",8.75,9.17,8.70,9.15,9.15,"66,939,300"
"Feb 26, 2024",8.19,8.69,8.16,8.54,8.54,"46,576,100"
"Feb 23, 2024",8.17,8.37,8.11,8.17,8.17,"27,447,600"
"Feb 22, 2024",8.24,8.35,8.14,8.16,8.16,"30,401,200"
"Feb 21, 2024",8.34,8.35,8.10,8.11,8.11,"39,260,200"
"Feb 20, 2024",8.29,8.52,8.21,8.51,8.51,"39,814,900"
"Feb 16, 2024",8.44,8.58,8.27,8.36,8.36,"50,285,500"
"Feb 15, 2024",8.50,8.55,8.34,8.53,8.53,"40,691,500"
"Feb 14, 2024",8.15,8.43,8.10,8.42,8.42,"44,248,000"
"Feb 13, 2024",7.84,8.20,7.78,8.02,8.02,"62,894,400"
"Feb 12, 2024",8.12,8.50,8.10,8.33,8.33,"44,804,100"
"Feb 9, 2024",8.19,8.35,8.08,8.13,8.13,"40,417,500"
"Feb 8, 2024",7.70,8.14,7.66,8.08,8.08,"49,560,500"
"Feb 7, 2024",7.82,7.83,7.57,7.66,7.66,"37,544,900"
"Feb 6, 2024",7.59,7.88,7.53,7.80,7.80,"44,063,700"
"Feb 5, 2024",7.70,7.76,7.45,7.58,7.58,"42,003,000"
"Feb 2, 2024",7.58,7.95,7.47,7.88,7.88,"53,205,100"
"Feb 1, 2024",7.93,7.96,7.57,7.73,7.73,"76,525,400"
"Jan 31, 2024",8.09,8.34,7.81,7.83,7.83,"110,241,400"
"Jan 30, 2024",9.03,9.40,8.38,8.40,8.40,"119,356,000"
"Jan 29, 2024",8.82,9.45,8.62,9.16,9.16,"286,380,900"
"Jan 26, 2024",7.69,7.83,7.52,7.62,7.62,"72,566,000"
"Jan 25, 2024",7.66,7.75,7.55,7.65,7.65,"49,509,400"
"Jan 24, 2024",7.89,7.94,7.53,7.56,7.56,"41,431,000"
"Jan 23, 2024",8.10,8.14,7.73,7.75,7.75,"45,600,700"
"Jan 22, 2024",7.83,8.33,7.72,7.92,7.92,"69,046,700"
"Jan 19, 2024",7.45,7.50,7.21,7.49,7.49,"39,811,300"
"Jan 18, 2024",7.62,7.63,7.23,7.41,7.41,"47,079,900"
"Jan 17, 2024",7.53,7.58,7.37,7.53,7.53,"41,129,900"
"Jan 16, 2024",7.77,7.85,7.61,7.72,7.72,"38,223,300"
"Jan 12, 2024",8.17,8.30,7.81,7.89,7.89,"49,156,500"
"Jan 11, 2024",8.41,8.43,8.06,8.17,8.17,"46,166,600"
"Jan 10, 2024",8.33,8.60,8.14,8.48,8.48,"39,487,200"
"Jan 9, 2024",8.40,8.52,8.28,8.32,8.32,"26,168,200"
"Jan 8, 2024",8.25,8.62,8.23,8.53,8.53,"32,042,200"
"Jan 5, 2024",8.27,8.50,8.16,8.22,8.22,"39,621,600"
"Jan 4, 2024",8.35,8.59,8.17,8.42,8.42,"37,398,900"
"Jan 3, 2024",8.91,9.03,8.28,8.31,8.31,"82,970,700"
"Jan 2, 2024",9.71,9.81,9.52,9.65,9.65,"38,035,000"
"Dec 29, 2023",10.25,10.30,9.81,9.95,9.95,"38,152,600"
"Dec 28, 2023",10.28,10.39,10.19,10.28,10.28,"26,416,400"
"Dec 27, 2023",10.01,10.49,10.00,10.32,10.32,"44,253,700"
"Dec 26, 2023",9.83,9.99,9.74,9.96,9.96,"26,013,700"
"Dec 22, 2023",9.77,9.88,9.59,9.71,9.71,"29,080,400"
"Dec 21, 2023",9.53,9.67,9.39,9.64,9.64,"41,803,000"
"Dec 20, 2023",9.91,10.16,9.23,9.31,9.31,"75,814,700"
"Dec 19, 2023",9.78,9.99,9.66,9.94,9.94,"51,836,700"
"Dec 18, 2023",9.30,9.79,9.21,9.66,9.66,"48,816,300"
"Dec 15, 2023",9.53,9.57,9.14,9.35,9.35,"52,489,000"
"Dec 14, 2023",9.11,9.84,9.09,9.47,9.47,"92,753,900"
"Dec 13, 2023",7.98,8.96,7.84,8.94,8.94,"75,424,700"
"Dec 12, 2023",8.07,8.10,7.82,7.95,7.95,"26,087,100"
"Dec 11, 2023",8.12,8.27,8.00,8.07,8.07,"24,365,600"
"Dec 8, 2023",7.95,8.22,7.88,8.13,8.13,"34,463,500"
"Dec 7, 2023",7.98,8.14,7.88,7.96,7.96,"30,489,200"
"Dec 6, 2023",8.14,8.45,7.86,7.89,7.89,"51,458,700"
"Dec 5, 2023",7.89,8.03,7.75,7.99,7.99,"30,468,400"
"Dec 4, 2023",7.71,8.25,7.65,7.96,7.96,"45,245,600"
"Dec 1, 2023",7.26,7.93,7.17,7.83,7.83,"68,780,300"
"Nov 30, 2023",7.39,7.40,7.10,7.29,7.29,"41,877,900"
"Nov 29, 2023",7.44,7.73,7.31,7.35,7.35,"45,648,300"
"Nov 28, 2023",7.04,7.35,7.00,7.34,7.34,"36,138,300"
"Nov 27, 2023",6.87,7.20,6.86,7.03,7.03,"40,258,600"
"Nov 24, 2023",6.90,6.95,6.79,6.86,6.86,"13,457,600"
"Nov 22, 2023",6.80,7.03,6.71,6.90,6.90,"36,549,600"
"Nov 21, 2023",6.54,6.72,6.41,6.72,6.72,"46,170,200"
"Nov 20, 2023",6.77,6.78,6.56,6.61,6.61,"44,558,700"
"Nov 17, 2023",6.80,6.88,6.65,6.83,6.83,"30,785,400"
"Nov 16, 2023",7.28,7.29,6.63,6.71,6.71,"73,603,100"
"Nov 15, 2023",7.39,7.50,7.22,7.37,7.37,"40,095,900"
"Nov 14, 2023",7.39,7.53,7.22,7.48,7.48,"38,408,700"
"Nov 13, 2023",6.85,7.11,6.72,7.04,7.04,"33,982,500"
"Nov 10, 2023",6.92,6.95,6.74,6.94,6.94,"29,494,800"
"Nov 9, 2023",7.16,7.17,6.57,6.85,6.85,"86,607,400"
"Nov 8, 2023",7.38,7.39,7.12,7.31,7.31,"28,150,800"
"Nov 7, 2023",7.50,7.60,7.33,7.42,7.42,"34,068,100"
"Nov 6, 2023",8.05,8.06,7.37,7.49,7.49,"46,262,100"
"Nov 3, 2023",8.28,8.48,8.00,8.01,8.01,"41,472,500"
"Nov 2, 2023",7.90,8.20,7.88,8.17,8.17,"45,933,900"
"Nov 1, 2023",7.64,7.75,7.35,7.58,7.58,"42,359,700"
"Oct 31, 2023",7.04,7.57,7.03,7.55,7.55,"63,310,400"
"Oct 30, 2023",7.60,7.88,6.68,6.94,6.94,"125,927,200"
"Oct 27, 2023",7.07,7.08,6.85,6.87,6.87,"45,332,100"
"Oct 26, 2023",7.04,7.17,6.80,6.90,6.90,"47,046,900"
"Oct 25, 2023",7.24,7.27,7.02,7.08,7.08,"31,058,500"
"Oct 24, 2023",7.40,7.57,7.26,7.38,7.38,"23,335,900"
"Oct 23, 2023",7.28,7.50,6.97,7.26,7.26,"29,748,000"
"Oct 20, 2023",7.55,7.68,7.32,7.37,7.37,"27,223,700"
"Oct 19, 2023",7.75,7.98,7.59,7.63,7.63,"26,767,700"
"Oct 18, 2023",8.19,8.26,7.69,7.77,7.77,"26,281,300"
"Oct 17, 2023",8.10,8.36,8.08,8.25,8.25,"18,473,600"
"Oct 16, 2023",8.24,8.35,8.08,8.25,8.25,"16,675,200"
"Oct 13, 2023",8.44,8.48,8.06,8.12,8.12,"21,977,600"
"Oct 12, 2023",8.64,8.66,8.28,8.39,8.39,"22,155,400"
"Oct 11, 2023",8.45,8.73,8.45,8.59,8.59,"22,512,700"
"Oct 10, 2023",8.25,8.53,8.21,8.36,8.36,"20,874,200"
"Oct 9, 2023",7.78,8.20,7.77,8.18,8.18,"17,191,900"
"Oct 6, 2023",7.51,8.03,7.50,7.99,7.99,"23,311,700"
"Oct 5, 2023",7.42,7.71,7.30,7.65,7.65,"17,072,900"
"Oct 4, 2023",7.41,7.49,7.14,7.47,7.47,"23,978,900"
"Oct 3, 2023",7.71,7.75,7.18,7.28,7.28,"36,674,900"
"Oct 2, 2023",8.08,8.16,7.80,7.84,7.84,"20,000,300"
"Sep 29, 2023",7.92,8.30,7.91,7.99,7.99,"28,742,000"
"Sep 28, 2023",7.60,7.84,7.53,7.77,7.77,"23,539,600"
"Sep 27, 2023",7.48,7.66,7.39,7.60,7.60,"28,227,000"
"Sep 26, 2023",7.40,7.59,7.37,7.40,7.40,"22,544,900"
"Sep 25, 2023",7.46,7.66,7.40,7.51,7.51,"23,107,800"
"Sep 22, 2023",8.03,8.05,7.44,7.54,7.54,"38,736,100"
"Sep 21, 2023",8.11,8.15,7.91,7.95,7.95,"29,426,500"
"Sep 20, 2023",8.67,8.79,8.31,8.32,8.32,"21,643,900"
"Sep 19, 2023",8.65,8.87,8.54,8.62,8.62,"18,091,600"
"Sep 18, 2023",9.05,9.07,8.63,8.67,8.67,"22,678,700"
"Sep 15, 2023",9.00,9.14,8.88,9.07,9.07,"30,416,800"
"Sep 14, 2023",8.89,9.18,8.86,9.05,9.05,"23,642,000"
"Sep 13, 2023",9.00,9.09,8.77,8.80,8.80,"16,819,200"
"Sep 12, 2023",8.79,9.19,8.79,9.00,9.00,"25,495,600"
"Sep 11, 2023",8.65,8.92,8.64,8.90,8.90,"19,320,600"
"Sep 8, 2023",8.54,8.67,8.45,8.55,8.55,"15,045,300"
"Sep 7, 2023",8.35,8.58,8.22,8.57,8.57,"19,320,700"
"Sep 6, 2023",8.73,8.81,8.43,8.54,8.54,"23,909,700"
"Sep 5, 2023",8.75,8.88,8.62,8.75,8.75,"18,906,300"
"Sep 1, 2023",8.77,8.93,8.72,8.79,8.79,"17,694,500"
"Aug 31, 2023",8.78,8.87,8.52,8.66,8.66,"26,175,600"
"Aug 30, 2023",8.46,8.78,8.36,8.74,8.74,"26,123,600"
"Aug 29, 2023",8.18,8.58,8.16,8.46,8.46,"24,487,400"
"Aug 28, 2023",8.38,8.42,8.17,8.23,8.23,"17,488,700"
"Aug 25, 2023",8.12,8.43,8.06,8.29,8.29,"24,163,700"
"Aug 24, 2023",8.48,8.50,8.08,8.12,8.12,"26,080,600"
"Aug 23, 2023",8.08,8.47,8.06,8.43,8.43,"21,855,700"
"Aug 22, 2023",8.40,8.47,8.11,8.15,8.15,"23,164,700"
"Aug 21, 2023",8.25,8.33,8.08,8.29,8.29,"22,676,600"
"Aug 18, 2023",7.92,8.29,7.89,8.22,8.22,"27,173,100"
"Aug 17, 2023",8.35,8.41,8.08,8.11,8.11,"29,582,400"
"Aug 16, 2023",8.23,8.43,8.21,8.26,8.26,"23,398,900"
"Aug 15, 2023",8.60,8.60,8.34,8.37,8.37,"23,709,300"
"Aug 14, 2023",8.52,8.71,8.36,8.68,8.68,"27,735,500"
"Aug 11, 2023",8.53,8.70,8.42,8.65,8.65,"26,833,600"
"Aug 10, 2023",9.09,9.24,8.72,8.72,8.72,"37,657,800"
"Aug 9, 2023",9.27,9.27,8.80,8.99,8.99,"43,368,300"
"Aug 8, 2023",9.03,9.45,9.01,9.31,9.31,"28,127,800"
"Aug 7, 2023",9.50,9.57,9.16,9.39,9.39,"31,682,000"
"Aug 4, 2023",10.08,10.10,9.47,9.50,9.50,"42,370,200"
"Aug 3, 2023",9.92,10.17,9.86,10.05,10.05,"37,651,500"
"Aug 2, 2023",10.12,10.28,9.72,10.08,10.08,"62,865,900"
"Aug 1, 2023",11.06,11.10,10.31,10.35,10.35,"88,881,800"
"Jul 31, 2023",10.39,11.70,10.30,11.45,11.45,"210,958,900"
"Jul 28, 2023",9.36,9.60,9.16,9.55,9.55,"58,205,300"
"Jul 27, 2023",9.71,9.73,8.94,9.09,9.09,"45,958,200"
"Jul 26, 2023",9.26,9.54,9.21,9.52,9.52,"34,922,300"
"Jul 25, 2023",9.40,9.78,9.31,9.33,9.33,"38,811,100"
"Jul 24, 2023",9.44,9.56,9.30,9.45,9.45,"26,643,500"
"Jul 21, 2023",9.68,9.70,9.26,9.43,9.43,"34,444,800"
"Jul 20, 2023",9.63,9.99,9.37,9.57,9.57,"41,587,700"
"Jul 19, 2023",9.76,10.13,9.65,9.85,9.85,"50,051,500"
"Jul 18, 2023",9.55,9.74,9.43,9.57,9.57,"33,895,900"
"Jul 17, 2023",9.04,9.81,8.99,9.48,9.48,"48,308,500"
"Jul 14, 2023",9.22,9.45,8.94,9.08,9.08,"38,350,800"
"Jul 13, 2023",8.92,9.24,8.77,9.16,9.16,"43,361,100"
"Jul 12, 2023",9.34,9.39,9.00,9.20,9.20,"41,158,600"
"Jul 11, 2023",8.81,9.20,8.75,9.07,9.07,"52,586,400"
"Jul 10, 2023",8.10,8.72,8.04,8.71,8.71,"38,750,100"
"Jul 7, 2023",8.09,8.30,8.03,8.05,8.05,"22,681,400"
"Jul 6, 2023",8.23,8.26,7.86,8.10,8.10,"38,013,800"
"Jul 5, 2023",8.49,8.68,8.31,8.38,8.38,"26,954,600"
"Jul 3, 2023",8.36,8.64,8.35,8.52,8.52,"26,842,000"
"Jun 30, 2023",8.92,9.41,8.32,8.34,8.34,"98,034,000"
"Jun 29, 2023",9.07,9.28,8.60,8.71,8.71,"42,722,400"
"Jun 28, 2023",8.59,9.09,8.58,8.87,8.87,"36,374,400"
"Jun 27, 2023",8.33,8.72,8.32,8.64,8.64,"39,402,300"
"Jun 26, 2023",8.24,8.66,8.14,8.20,8.20,"33,526,600"
"Jun 23, 2023",7.91,8.29,7.71,8.28,8.28,"62,118,500"
"Jun 22, 2023",8.54,8.69,8.35,8.49,8.49,"30,149,500"
"Jun 21, 2023",8.51,8.77,8.34,8.63,8.63,"37,733,600"
"Jun 20, 2023",8.31,8.64,8.20,8.59,8.59,"49,114,900"
"Jun 16, 2023",8.91,9.18,8.50,8.60,8.60,"107,236,500"
"Jun 15, 2023",9.18,9.58,8.88,9.55,9.55,"97,639,300"
"Jun 14, 2023",9.79,10.23,9.29,9.74,9.74,"128,420,300"
"Jun 13, 2023",9.54,9.61,8.89,9.54,9.54,"108,293,500"
"Jun 12, 2023",8.46,9.30,8.40,9.16,9.16,"117,905,100"
"Jun 9, 2023",8.25,8.81,8.11,8.18,8.18,"84,720,300"
"Jun 8, 2023",7.69,8.20,7.66,8.12,8.12,"66,988,400"
"Jun 7, 2023",7.86,8.00,7.64,7.74,7.74,"60,872,200"
"Jun 6, 2023",7.18,7.76,7.14,7.65,7.65,"56,839,700"
"Jun 5, 2023",7.12,7.60,7.07,7.25,7.25,"69,556,200"
"Jun 2, 2023",7.11,7.11,6.71,7.03,7.03,"63,316,100"
"Jun 1, 2023",6.71,7.26,6.63,6.82,6.82,"108,760,600"
"May 31, 2023",6.20,7.02,6.10,6.94,6.94,"152,429,200"
"May 30, 2023",5.81,6.05,5.59,6.03,6.03,"68,003,300"
"May 26, 2023",5.24,5.48,5.22,5.41,5.41,"26,982,900"
"May 25, 2023",5.39,5.40,5.09,5.21,5.21,"24,474,900"
"May 24, 2023",5.20,5.33,5.13,5.31,5.31,"23,887,800"
"May 23, 2023",5.24,5.49,5.22,5.29,5.29,"43,878,300"
"May 22, 2023",4.99,5.34,4.92,5.26,5.26,"42,509,300"
"May 19, 2023",5.07,5.13,4.91,4.93,4.93,"25,737,600"
"May 18, 2023",4.98,5.14,4.92,5.07,5.07,"35,183,400"
"May 17, 2023",4.76,4.98,4.69,4.96,4.96,"42,730,500"
"May 16, 2023",4.79,4.82,4.61,4.76,4.76,"38,510,800"
"May 15, 2023",4.68,4.84,4.45,4.77,4.77,"103,290,700"
"May 12, 2023",5.17,5.22,4.93,5.02,5.02,"44,397,600"
"May 11, 2023",5.44,5.44,5.12,5.14,5.14,"36,075,600"
"May 10, 2023",5.58,5.60,5.38,5.48,5.48,"28,624,400"
"May 9, 2023",5.35,5.55,5.34,5.41,5.41,"26,785,200"
"May 8, 2023",5.18,5.49,5.18,5.47,5.47,"39,933,900"
"May 5, 2023",5.01,5.17,4.99,5.16,5.16,"40,830,500"
"May 4, 2023",4.78,4.91,4.59,4.89,4.89,"59,715,600"
"May 3, 2023",4.97,5.08,4.75,4.85,4.85,"64,212,800"
"May 2, 2023",5.26,5.30,4.72,4.91,4.91,"115,499,500"
"May 1, 2023",6.52,6.54,5.46,5.47,5.47,"125,423,700"
"Apr 28, 2023",6.15,6.30,5.94,6.23,6.23,"55,605,100"
"Apr 27, 2023",5.77,6.19,5.75,6.06,6.06,"43,199,900"
"Apr 26, 2023",5.81,5.88,5.66,5.67,5.67,"24,210,900"
"Apr 25, 2023",5.78,5.84,5.72,5.75,5.75,"21,036,200"
"Apr 24, 2023",5.92,5.95,5.79,5.83,5.83,"20,058,000"
"Apr 21, 2023",5.90,5.99,5.85,5.94,5.94,"16,723,200"
"Apr 20, 2023",5.98,6.05,5.88,5.92,5.92,"18,844,900"
"Apr 19, 2023",5.90,6.10,5.87,6.08,6.08,"18,337,500"
"Apr 18, 2023",6.00,6.02,5.89,5.98,5.98,"17,036,300"
"Apr 17, 2023",5.89,6.00,5.81,5.96,5.96,"24,908,100"
"Apr 14, 2023",5.99,6.03,5.77,5.92,5.92,"24,086,000"
"Apr 13, 2023",5.91,5.98,5.82,5.86,5.86,"20,527,100"
"Apr 12, 2023",6.06,6.06,5.67,5.82,5.82,"35,905,000"
"Apr 11, 2023",5.91,6.02,5.86,5.97,5.97,"26,455,400"
"Apr 10, 2023",5.69,5.92,5.66,5.91,5.91,"21,151,200"
"Apr 6, 2023",5.70,5.81,5.61,5.75,5.75,"25,308,100"
"Apr 5, 2023",5.87,5.87,5.58,5.74,5.74,"30,541,900"
"Apr 4, 2023",6.10,6.10,5.84,5.89,5.89,"19,465,200"
"Apr 3, 2023",6.14,6.28,5.94,6.03,6.03,"32,121,400"
"Mar 31, 2023",5.75,6.17,5.67,6.07,6.07,"41,786,800"
"Mar 30, 2023",5.87,5.93,5.62,5.72,5.72,"25,094,700"
"Mar 29, 2023",5.69,5.92,5.65,5.75,5.75,"28,461,800"
"Mar 28, 2023",5.74,5.79,5.51,5.59,5.59,"23,185,400"
"Mar 27, 2023",5.82,5.88,5.73,5.76,5.76,"24,284,700"
"Mar 24, 2023",5.68,5.83,5.64,5.74,5.74,"18,657,400"
"Mar 23, 2023",5.65,5.88,5.57,5.78,5.78,"35,687,800"
"Mar 22, 2023",5.79,6.03,5.54,5.56,5.56,"62,273,300"
"Mar 21, 2023",5.35,5.60,5.32,5.57,5.57,"29,210,300"
"Mar 20, 2023",5.47,5.54,5.19,5.22,5.22,"33,271,400"
"Mar 17, 2023",5.47,5.54,5.33,5.46,5.46,"27,173,200"
"Mar 16, 2023",5.35,5.54,5.28,5.45,5.45,"25,128,700"
"Mar 15, 2023",5.34,5.46,5.28,5.41,5.41,"34,260,500"
"Mar 14, 2023",5.69,5.74,5.43,5.55,5.55,"36,750,400"
"Mar 13, 2023",5.46,5.57,5.10,5.49,5.49,"59,761,300"
"Mar 10, 2023",5.90,5.92,5.21,5.58,5.58,"86,809,700"
"Mar 9, 2023",6.42,6.55,6.07,6.09,6.09,"27,793,300"
"Mar 8, 2023",6.48,6.60,6.38,6.47,6.47,"16,558,600"
"Mar 7, 2023",6.71,6.71,6.42,6.51,6.51,"28,344,300"
"Mar 6, 2023",6.80,6.97,6.67,6.68,6.68,"26,214,300"
"Mar 3, 2023",6.48,6.79,6.46,6.72,6.72,"25,456,400"
"Mar 2, 2023",6.30,6.51,6.23,6.45,6.45,"18,003,500"
"Mar 1, 2023",6.58,6.62,6.43,6.44,6.44,"19,827,300"
"Feb 28, 2023",6.46,6.70,6.45,6.60,6.60,"17,430,600"
"Feb 27, 2023",6.45,6.50,6.34,6.42,6.42,"19,082,100"
"Feb 24, 2023",6.38,6.45,6.31,6.38,6.38,"16,954,200"
"Feb 23, 2023",6.65,6.69,6.39,6.55,6.55,"19,210,200"
"Feb 22, 2023",6.40,6.58,6.37,6.54,6.54,"22,778,900"
"Feb 21, 2023",6.46,6.57,6.33,6.42,6.42,"26,332,900"
"Feb 17, 2023",6.89,6.96,6.51,6.62,6.62,"30,999,500"
"Feb 16, 2023",7.07,7.28,6.95,6.98,6.98,"30,458,000"
"Feb 15, 2023",6.82,7.29,6.80,7.25,7.25,"35,683,800"
"Feb 14, 2023",6.66,6.82,6.43,6.74,6.74,"28,449,700"
"Feb 13, 2023",6.75,6.90,6.68,6.76,6.76,"23,626,800"
"Feb 10, 2023",6.76,6.89,6.64,6.81,6.81,"37,285,300"
"Feb 9, 2023",7.27,7.36,6.84,6.89,6.89,"50,352,400"
"Feb 8, 2023",7.32,7.49,7.19,7.20,7.20,"25,636,300"
"Feb 7, 2023",7.37,7.45,7.14,7.38,7.38,"40,804,000"
"Feb 6, 2023",7.35,7.64,7.26,7.41,7.41,"41,269,900"
"Feb 3, 2023",7.40,7.99,7.31,7.46,7.46,"55,989,100"
"Feb 2, 2023",7.67,8.24,7.45,7.72,7.72,"106,231,100"
"Feb 1, 2023",6.93,7.47,6.86,7.38,7.38,"75,445,300"
"Jan 31, 2023",6.66,6.95,6.51,6.93,6.93,"68,287,100"
"Jan 30, 2023",6.59,7.01,6.37,6.68,6.68,"164,184,300"
"Jan 27, 2023",5.69,6.04,5.63,5.94,5.94,"48,503,500"
"Jan 26, 2023",5.90,5.94,5.65,5.71,5.71,"29,992,300"
"Jan 25, 2023",5.64,5.87,5.54,5.79,5.79,"30,127,800"
"Jan 24, 2023",5.78,6.00,5.73,5.79,5.79,"32,563,800"
"Jan 23, 2023",5.71,5.89,5.63,5.87,5.87,"39,018,500"
"Jan 20, 2023",5.49,5.75,5.43,5.67,5.67,"31,135,600"
"Jan 19, 2023",5.41,5.53,5.31,5.41,5.41,"32,006,500"
"Jan 18, 2023",5.65,5.70,5.48,5.56,5.56,"38,396,700"
"Jan 17, 2023",5.45,5.72,5.36,5.64,5.64,"37,801,400"
"Jan 13, 2023",5.22,5.49,5.19,5.44,5.44,"32,477,100"
"Jan 12, 2023",5.19,5.38,4.99,5.36,5.36,"49,408,800"
"Jan 11, 2023",5.15,5.19,4.98,5.15,5.15,"41,602,100"
"Jan 10, 2023",4.80,5.13,4.78,5.12,5.12,"42,334,400"
"Jan 9, 2023",4.67,5.00,4.67,4.82,4.82,"50,435,000"
"Jan 6, 2023",4.66,4.70,4.49,4.62,4.62,"31,589,500"
"Jan 5, 2023",4.66,4.73,4.56,4.63,4.63,"30,512,000"
"Jan 4, 2023",4.54,4.88,4.49,4.77,4.77,"48,731,400"
"Jan 3, 2023",4.65,4.75,4.43,4.50,4.50,"29,303,200"
"Dec 30, 2022",4.49,4.65,4.45,4.61,4.61,"28,240,200"
"Dec 29, 2022",4.40,4.63,4.32,4.59,4.59,"33,261,900"
"Dec 28, 2022",4.38,4.43,4.24,4.37,4.37,"35,043,300"
"Dec 27, 2022",4.55,4.58,4.35,4.39,4.39,"24,110,700"
"Dec 23, 2022",4.55,4.62,4.46,4.61,4.61,"19,435,300"
"Dec 22, 2022",4.58,4.63,4.37,4.58,4.58,"30,665,900"
"Dec 21, 2022",4.65,4.73,4.56,4.64,4.64,"24,848,900"
"Dec 20, 2022",4.53,4.76,4.45,4.57,4.57,"34,033,400"
"Dec 19, 2022",4.66,4.66,4.40,4.43,4.43,"27,122,400"
"Dec 16, 2022",4.58,4.68,4.50,4.64,4.64,"31,419,300"
"Dec 15, 2022",4.58,4.76,4.50,4.63,4.63,"37,157,400"
"Dec 14, 2022",4.57,4.92,4.53,4.70,4.70,"68,775,700"
"Dec 13, 2022",4.69,4.77,4.35,4.43,4.43,"33,682,400"
"Dec 12, 2022",4.31,4.48,4.27,4.45,4.45,"23,353,200"
"Dec 9, 2022",4.36,4.40,4.31,4.34,4.34,"16,804,200"
"Dec 8, 2022",4.35,4.43,4.25,4.40,4.40,"19,767,400"
"Dec 7, 2022",4.30,4.37,4.24,4.30,4.30,"21,933,400"
"Dec 6, 2022",4.54,4.55,4.26,4.32,4.32,"41,048,400"
"Dec 5, 2022",4.70,4.73,4.47,4.53,4.53,"28,384,800"
"Dec 2, 2022",4.60,4.70,4.52,4.70,4.70,"23,866,400"
"Dec 1, 2022",4.86,4.91,4.67,4.74,4.74,"34,842,000"
"Nov 30, 2022",4.55,4.85,4.52,4.83,4.83,"49,235,500"
"Nov 29, 2022",4.46,4.57,4.44,4.56,4.56,"40,676,700"
"Nov 28, 2022",4.54,4.63,4.41,4.45,4.45,"46,991,100"
"Nov 25, 2022",4.67,4.67,4.51,4.60,4.60,"28,016,500"
"Nov 23, 2022",4.67,4.71,4.53,4.66,4.66,"58,395,300"
"Nov 22, 2022",4.90,4.90,4.60,4.64,4.64,"76,694,100"
"Nov 21, 2022",5.13,5.19,4.80,4.87,4.87,"99,355,000"
"Nov 18, 2022",5.48,5.49,5.16,5.18,5.18,"36,633,900"
"Nov 17, 2022",5.34,5.51,5.28,5.38,5.38,"34,036,700"
"Nov 16, 2022",5.77,5.77,5.47,5.53,5.53,"43,267,800"
"Nov 15, 2022",6.10,6.13,5.80,5.85,5.85,"59,806,400"
"Nov 14, 2022",5.89,6.05,5.72,5.86,5.86,"47,833,200"
"Nov 11, 2022",5.32,6.00,5.32,5.95,5.95,"84,353,300"
"Nov 10, 2022",5.27,5.44,5.09,5.34,5.34,"69,817,600"
"Nov 9, 2022",5.03,5.06,4.94,4.98,4.98,"45,924,000"
"Nov 8, 2022",5.18,5.30,5.05,5.10,5.10,"48,009,700"
"Nov 7, 2022",5.23,5.28,5.12,5.18,5.18,"39,915,100"
"Nov 4, 2022",5.49,5.51,5.06,5.18,5.18,"53,554,200"
"Nov 3, 2022",5.03,5.39,5.01,5.36,5.36,"55,484,100"
"Nov 2, 2022",5.68,5.70,5.03,5.12,5.12,"106,803,800"
"Nov 1, 2022",6.46,6.47,5.67,5.73,5.73,"159,097,200"
"Oct 31, 2022",5.56,5.67,5.36,5.44,5.44,"61,549,200"
"Oct 28, 2022",5.37,5.47,5.29,5.45,5.45,"28,751,000"
"Oct 27, 2022",5.62,5.66,5.34,5.35,5.35,"26,942,700"
"Oct 26, 2022",5.53,5.77,5.50,5.54,5.54,"37,510,600"
"Oct 25, 2022",5.20,5.68,5.19,5.66,5.66,"49,264,000"
"Oct 24, 2022",5.14,5.20,4.97,5.17,5.17,"32,703,200"
"Oct 21, 2022",4.97,5.16,4.90,5.15,5.15,"33,980,000"
"Oct 20, 2022",4.97,5.19,4.96,5.01,5.01,"30,718,900"
"Oct 19, 2022",5.21,5.22,4.97,4.99,4.99,"35,412,300"
"Oct 18, 2022",5.25,5.35,5.15,5.25,5.25,"37,401,900"
"Oct 17, 2022",4.95,5.10,4.85,5.07,5.07,"33,347,900"
"Oct 14, 2022",5.19,5.28,4.81,4.81,4.81,"35,776,200"
"Oct 13, 2022",4.89,5.22,4.84,5.09,5.09,"32,629,000"
"Oct 12, 2022",4.98,5.12,4.88,5.08,5.08,"26,339,800"
"Oct 11, 2022",4.95,5.17,4.77,5.00,5.00,"35,828,900"
"Oct 10, 2022",5.01,5.03,4.91,4.97,4.97,"22,211,500"
"Oct 7, 2022",5.13,5.15,4.96,5.01,5.01,"27,856,200"
"Oct 6, 2022",5.27,5.47,5.17,5.29,5.29,"28,449,200"
"Oct 5, 2022",5.27,5.32,5.07,5.28,5.28,"36,209,300"
"Oct 4, 2022",5.26,5.46,5.25,5.40,5.40,"37,930,500"
"Oct 3, 2022",4.94,5.22,4.81,5.13,5.13,"33,619,400"
"Sep 30, 2022",4.82,5.09,4.81,4.88,4.88,"33,884,400"
"Sep 29, 2022",5.12,5.16,4.79,4.84,4.84,"56,776,400"
"Sep 28, 2022",5.08,5.28,5.04,5.25,5.25,"29,843,200"
"Sep 27, 2022",5.23,5.33,5.00,5.08,5.08,"35,622,200"
"Sep 26, 2022",5.30,5.51,5.08,5.08,5.08,"65,463,200"
"Sep 23, 2022",5.26,5.37,5.16,5.31,5.31,"40,071,900"
"Sep 22, 2022",5.72,5.79,5.36,5.36,5.36,"41,535,300"
"Sep 21, 2022",5.89,6.04,5.69,5.69,5.69,"36,073,900"
"Sep 20, 2022",6.00,6.12,5.88,5.89,5.89,"27,278,200"
"Sep 19, 2022",5.95,6.10,5.89,6.08,6.08,"30,714,100"
"Sep 16, 2022",6.24,6.27,6.01,6.05,6.05,"44,028,900"
"Sep 15, 2022",6.13,6.65,6.10,6.41,6.41,"58,733,500"
"Sep 14, 2022",6.06,6.19,5.90,6.17,6.17,"62,819,300"
"Sep 13, 2022",6.02,6.14,5.79,5.84,5.84,"44,931,900"
"Sep 12, 2022",6.35,6.49,6.29,6.41,6.41,"28,634,000"
"Sep 9, 2022",6.23,6.34,6.17,6.33,6.33,"30,872,900"
"Sep 8, 2022",5.69,6.19,5.68,6.19,6.19,"38,945,300"
"Sep 7, 2022",5.60,5.85,5.57,5.82,5.82,"25,290,200"
"Sep 6, 2022",5.75,5.79,5.57,5.65,5.65,"28,734,800"
"Sep 2, 2022",5.99,6.00,5.70,5.74,5.74,"29,739,700"
"Sep 1, 2022",5.82,5.86,5.61,5.85,5.85,"34,316,400"
"Aug 31, 2022",5.97,6.08,5.87,5.92,5.92,"32,515,900"
"Aug 30, 2022",6.08,6.13,5.81,5.91,5.91,"38,113,900"
"Aug 29, 2022",6.09,6.23,5.97,6.00,6.00,"55,367,700"
"Aug 26, 2022",6.86,6.89,6.12,6.18,6.18,"74,661,000"
"Aug 25, 2022",6.63,6.72,6.39,6.69,6.69,"53,630,800"
"Aug 24, 2022",6.70,6.87,6.37,6.45,6.45,"114,014,000"
"Aug 23, 2022",6.15,6.25,6.01,6.17,6.17,"55,901,700"
"Aug 22, 2022",6.15,6.33,6.01,6.10,6.10,"41,817,600"
"Aug 19, 2022",6.52,6.53,6.27,6.33,6.33,"47,048,200"
"Aug 18, 2022",6.95,6.96,6.62,6.68,6.68,"38,842,700"
"Aug 17, 2022",7.43,7.45,6.82,6.88,6.88,"75,554,900"
"Aug 16, 2022",7.50,7.81,7.19,7.58,7.58,"56,783,500"
"Aug 15, 2022",7.57,7.70,7.39,7.62,7.62,"38,003,000"
"Aug 12, 2022",7.53,7.70,7.30,7.65,7.65,"35,779,800"
"Aug 11, 2022",8.08,8.14,7.36,7.42,7.42,"65,326,100"
"Aug 10, 2022",7.78,7.95,7.51,7.81,7.81,"51,807,800"
"Aug 9, 2022",7.70,7.76,7.25,7.39,7.39,"50,017,000"
"Aug 8, 2022",8.14,8.49,7.88,7.98,7.98,"56,810,700"
"Aug 5, 2022",8.02,8.26,7.82,7.96,7.96,"43,574,400"
"Aug 4, 2022",8.17,8.52,7.86,8.23,8.23,"61,791,900"
"Aug 3, 2022",7.28,8.42,7.05,8.23,8.23,"147,719,800"
"Aug 2, 2022",6.34,6.63,6.31,6.41,6.41,"49,460,900"
"Aug 1, 2022",6.27,6.41,6.14,6.36,6.36,"21,109,900"
"Jul 29, 2022",6.27,6.37,6.15,6.31,6.31,"19,058,700"
"Jul 28, 2022",6.45,6.56,6.09,6.30,6.30,"21,965,900"
"Jul 27, 2022",6.25,6.47,6.19,6.44,6.44,"17,437,400"
"Jul 26, 2022",6.37,6.37,6.12,6.14,6.14,"16,325,700"
"Jul 25, 2022",6.57,6.61,6.37,6.46,6.46,"14,153,800"
"Jul 22, 2022",7.05,7.06,6.52,6.62,6.62,"21,258,200"
"Jul 21, 2022",6.97,7.15,6.90,7.04,7.04,"19,858,400"
"Jul 20, 2022",6.69,7.08,6.66,6.97,6.97,"24,765,700"
"Jul 19, 2022",6.48,6.63,6.27,6.62,6.62,"21,273,600"
"Jul 18, 2022",6.33,6.59,6.31,6.35,6.35,"20,005,800"
"Jul 15, 2022",6.04,6.30,5.93,6.29,6.29,"22,335,800"
"Jul 14, 2022",5.88,5.97,5.76,5.91,5.91,"17,285,100"
"Jul 13, 2022",5.85,6.06,5.75,5.95,5.95,"25,769,500"
"Jul 12, 2022",6.02,6.23,5.90,6.04,6.04,"18,008,300"
"Jul 11, 2022",6.03,6.09,5.82,6.01,6.01,"18,679,700"
"Jul 8, 2022",6.00,6.37,5.93,6.19,6.19,"26,898,900"
"Jul 7, 2022",5.90,6.28,5.85,6.26,6.26,"30,799,700"
"Jul 6, 2022",5.80,6.10,5.78,5.90,5.90,"25,041,500"
"Jul 5, 2022",5.33,5.84,5.14,5.84,5.84,"28,258,400"
"Jul 1, 2022",5.26,5.49,5.17,5.41,5.41,"21,703,300"
"Jun 30, 2022",5.43,5.51,5.23,5.27,5.27,"27,760,700"
"Jun 29, 2022",5.52,5.55,5.34,5.54,5.54,"32,700,600"
"Jun 28, 2022",5.93,5.97,5.50,5.56,5.56,"31,351,800"
"Jun 27, 2022",6.10,6.21,5.85,5.93,5.93,"26,805,000"
"Jun 24, 2022",5.88,6.18,5.79,6.13,6.13,"87,590,000"
"Jun 23, 2022",5.65,5.92,5.63,5.78,5.78,"28,993,800"
"Jun 22, 2022",5.62,5.82,5.54,5.60,5.60,"34,436,600"
"Jun 21, 2022",5.82,5.98,5.72,5.72,5.72,"32,297,200"
"Jun 17, 2022",5.57,5.85,5.51,5.70,5.70,"53,969,200"
"Jun 16, 2022",5.71,5.84,5.44,5.47,5.47,"32,073,700"
"Jun 15, 2022",5.95,6.17,5.68,5.94,5.94,"59,845,400"
"Jun 14, 2022",5.75,6.04,5.72,5.93,5.93,"39,077,700"
"Jun 13, 2022",5.61,5.74,5.34,5.61,5.61,"51,080,200"
"Jun 10, 2022",5.97,6.25,5.85,5.94,5.94,"37,492,800"
"Jun 9, 2022",6.68,6.69,6.11,6.11,6.11,"35,450,400"
"Jun 8, 2022",6.78,6.97,6.61,6.66,6.66,"30,467,700"
"Jun 7, 2022",6.75,6.90,6.67,6.86,6.86,"26,378,400"
"Jun 6, 2022",7.08,7.26,6.77,6.86,6.86,"39,384,000"
"Jun 3, 2022",7.15,7.25,6.89,6.98,6.98,"29,389,200"
"Jun 2, 2022",7.04,7.42,6.95,7.42,7.42,"28,783,000"
"Jun 1, 2022",7.49,7.62,6.95,7.05,7.05,"36,804,600"
"May 31, 2022",7.49,7.70,7.26,7.48,7.48,"61,518,900"
"May 27, 2022",7.29,7.68,7.19,7.55,7.55,"38,264,400"
"May 26, 2022",7.07,7.39,6.91,7.14,7.14,"35,132,100"
"May 25, 2022",6.74,7.16,6.68,7.01,7.01,"35,566,800"
"May 24, 2022",7.07,7.15,6.62,6.72,6.72,"38,264,600"
"May 23, 2022",7.36,7.49,7.10,7.27,7.27,"33,054,600"
"May 20, 2022",8.02,8.04,7.13,7.49,7.49,"56,792,900"
"May 19, 2022",7.25,7.99,7.15,7.75,7.75,"57,737,200"
"May 18, 2022",6.93,7.56,6.80,7.23,7.23,"54,156,900"
"May 17, 2022",7.09,7.34,6.96,7.05,7.05,"54,578,600"
"May 16, 2022",7.02,7.24,6.84,6.91,6.91,"60,528,400"
"May 13, 2022",6.08,6.86,6.01,6.75,6.75,"74,842,000"
"May 12, 2022",5.31,5.79,5.05,5.66,5.66,"66,310,000"
"May 11, 2022",5.21,5.61,4.95,5.49,5.49,"76,698,100"
"May 10, 2022",5.75,5.80,4.82,5.25,5.25,"125,633,800"
"May 9, 2022",6.23,6.39,5.79,5.97,5.97,"51,638,700"
"May 6, 2022",6.82,6.87,6.34,6.44,6.44,"50,526,800"
"May 5, 2022",7.05,7.11,6.57,6.83,6.83,"46,638,700"
"May 4, 2022",6.36,7.17,6.20,7.14,7.14,"77,128,300"
"May 3, 2022",6.28,6.42,6.18,6.40,6.40,"27,381,700"
"May 2, 2022",6.11,6.34,6.01,6.33,6.33,"43,738,400"
"Apr 29, 2022",6.37,6.75,6.10,6.12,6.12,"33,526,800"
"Apr 28, 2022",6.30,6.54,6.02,6.45,6.45,"46,069,000"
"Apr 27, 2022",6.25,6.46,6.09,6.15,6.15,"42,697,500"
"Apr 26, 2022",6.50,6.50,6.14,6.29,6.29,"49,526,100"
"Apr 25, 2022",6.27,6.61,6.23,6.55,6.55,"37,571,500"
"Apr 22, 2022",6.60,6.68,6.32,6.39,6.39,"45,591,900"
"Apr 21, 2022",7.03,7.11,6.48,6.60,6.60,"66,530,900"
"Apr 20, 2022",7.36,7.36,6.93,6.95,6.95,"56,574,300"
"Apr 19, 2022",7.11,7.58,7.05,7.41,7.41,"39,488,900"
"Apr 18, 2022",7.26,7.32,6.97,7.13,7.13,"50,207,800"
"Apr 14, 2022",7.66,7.66,7.22,7.26,7.26,"42,198,000"
"Apr 13, 2022",7.45,7.68,7.24,7.61,7.61,"39,309,500"
"Apr 12, 2022",7.81,8.09,7.37,7.48,7.48,"58,650,300"
"Apr 11, 2022",7.70,7.93,7.56,7.72,7.72,"37,461,600"
"Apr 8, 2022",8.07,8.10,7.78,7.87,7.87,"39,037,800"
"Apr 7, 2022",8.27,8.39,7.64,8.12,8.12,"109,248,300"
"Apr 6, 2022",8.98,9.03,8.46,8.75,8.75,"56,769,400"
"Apr 5, 2022",9.83,10.10,9.09,9.12,9.12,"47,197,100"
"Apr 4, 2022",9.42,10.03,9.40,9.77,9.77,"34,363,300"
"Apr 1, 2022",9.47,9.62,9.21,9.33,9.33,"29,654,500"
"Mar 31, 2022",9.82,9.87,9.42,9.45,9.45,"33,702,800"
"Mar 30, 2022",10.03,10.57,9.63,9.77,9.77,"59,785,700"
"Mar 29, 2022",9.25,10.21,9.22,10.14,10.14,"72,805,100"
"Mar 28, 2022",9.03,9.28,8.84,9.25,9.25,"33,300,900"
"Mar 25, 2022",9.42,9.42,8.91,9.01,9.01,"42,524,700"
"Mar 24, 2022",9.40,9.51,9.07,9.47,9.47,"30,175,800"
"Mar 23, 2022",9.60,9.78,9.32,9.37,9.37,"38,946,300"
"Mar 22, 2022",9.56,10.06,9.25,9.72,9.72,"56,998,400"
"Mar 21, 2022",9.82,9.93,9.33,9.57,9.57,"39,791,700"
"Mar 18, 2022",8.92,9.98,8.82,9.87,9.87,"66,667,100"
"Mar 17, 2022",8.55,9.08,8.38,8.91,8.91,"67,654,100"
"Mar 16, 2022",8.08,8.76,8.05,8.57,8.57,"84,406,700"
"Mar 15, 2022",7.96,8.29,7.79,8.20,8.20,"52,317,400"
"Mar 14, 2022",8.45,8.45,7.74,7.93,7.93,"75,632,700"
"Mar 11, 2022",9.51,9.54,8.52,8.55,8.55,"71,568,500"
"Mar 10, 2022",9.71,9.82,9.18,9.41,9.41,"47,638,400"
"Mar 9, 2022",9.96,10.09,9.65,9.87,9.87,"53,891,100"
"Mar 8, 2022",9.51,10.09,9.28,9.72,9.72,"50,878,200"
"Mar 7, 2022",9.98,10.22,9.59,9.62,9.62,"54,287,700"
"Mar 4, 2022",10.64,11.01,9.92,10.00,10.00,"63,130,700"
"Mar 3, 2022",11.49,11.51,10.61,10.69,10.69,"70,875,700"
"Mar 2, 2022",12.95,13.00,11.51,11.58,11.58,"147,527,000"
"Mar 1, 2022",11.96,11.98,11.20,11.20,11.20,"107,850,300"
"Feb 28, 2022",10.68,11.76,10.67,11.45,11.45,"64,380,500"
"Feb 25, 2022",10.47,10.72,9.97,10.67,10.67,"46,588,100"
"Feb 24, 2022",8.86,10.38,8.82,10.33,10.33,"76,026,500"
"Feb 23, 2022",10.68,10.69,9.82,9.82,9.82,"62,010,000"
"Feb 22, 2022",11.03,11.16,10.19,10.26,10.26,"76,018,700"
"Feb 18, 2022",12.17,12.23,11.17,11.39,11.39,"59,994,500"
"Feb 17, 2022",12.91,13.17,12.15,12.18,12.18,"44,690,000"
"Feb 16, 2022",12.61,13.28,12.60,13.08,13.08,"58,488,200"
"Feb 15, 2022",12.26,12.64,11.97,12.58,12.58,"51,170,300"
"Feb 14, 2022",12.59,12.87,11.92,12.00,12.00,"73,358,600"
"Feb 11, 2022",12.73,13.25,12.29,12.40,12.40,"76,947,100"
"Feb 10, 2022",12.43,13.41,12.29,12.39,12.39,"57,391,400"
"Feb 9, 2022",12.41,12.99,12.19,12.86,12.86,"47,536,700"
"Feb 8, 2022",11.72,12.15,11.53,12.13,12.13,"32,936,100"
"Feb 7, 2022",11.93,12.40,11.66,11.72,11.72,"37,906,200"
"Feb 4, 2022",11.54,12.07,11.16,11.89,11.89,"46,870,800"
"Feb 3, 2022",11.77,12.22,11.38,11.57,11.57,"55,485,600"
"Feb 2, 2022",13.03,13.06,11.90,12.16,12.16,"73,581,200"
"Feb 1, 2022",12.68,13.55,12.37,13.27,13.27,"89,022,400"
"Jan 31, 2022",11.20,12.49,11.05,12.48,12.48,"73,077,100"
"Jan 28, 2022",11.34,11.34,10.51,11.10,11.10,"78,767,700"
"Jan 27, 2022",12.72,12.79,11.27,11.36,11.36,"83,981,800"
"Jan 26, 2022",13.14,13.86,12.45,12.58,12.58,"83,654,000"
"Jan 25, 2022",12.75,13.45,12.58,12.76,12.76,"72,818,300"
"Jan 24, 2022",13.01,13.35,11.83,13.30,13.30,"136,949,000"
"Jan 21, 2022",14.98,14.98,13.64,13.89,13.89,"135,687,400"
"Jan 20, 2022",14.27,16.47,14.01,15.00,15.00,"268,936,000"
"Jan 19, 2022",14.37,14.39,13.37,13.71,13.71,"186,755,800"
"Jan 18, 2022",12.80,13.11,12.02,12.06,12.06,"50,314,700"
"Jan 14, 2022",12.95,13.32,12.66,13.20,13.20,"32,460,700"
"Jan 13, 2022",14.00,14.04,13.06,13.09,13.09,"29,900,800"
"Jan 12, 2022",14.30,14.42,13.75,13.86,13.86,"24,842,400"
"Jan 11, 2022",13.30,14.14,13.25,13.94,13.94,"24,517,400"
"Jan 10, 2022",13.45,13.49,12.82,13.37,13.37,"37,040,300"
"Jan 7, 2022",13.82,14.40,13.62,13.74,13.74,"28,716,200"
"Jan 6, 2022",14.02,14.27,13.01,13.78,13.78,"46,269,400"
"Jan 5, 2022",14.88,15.23,14.04,14.10,14.10,"35,103,100"
"Jan 4, 2022",15.61,15.86,14.59,15.05,15.05,"34,175,900"
"Jan 3, 2022",16.10,16.13,15.45,15.68,15.68,"27,500,900"
"Dec 31, 2021",15.93,16.49,15.74,15.81,15.81,"30,798,200"
"Dec 30, 2021",14.51,16.35,14.50,15.95,15.95,"41,348,700"
"Dec 29, 2021",14.83,14.83,14.18,14.47,14.47,"20,899,600"
"Dec 28, 2021",15.28,15.49,14.67,14.85,14.85,"24,049,700"
"Dec 27, 2021",15.11,15.49,14.85,15.39,15.39,"19,826,700"
"Dec 23, 2021",14.98,15.19,14.73,15.09,15.09,"19,824,000"
"Dec 22, 2021",14.86,15.37,14.73,14.99,14.99,"24,332,100"
"Dec 21, 2021",14.87,15.17,14.72,14.97,14.97,"27,695,600"
"Dec 20, 2021",14.48,15.21,14.28,14.59,14.59,"31,658,600"
"Dec 17, 2021",14.08,14.77,13.66,14.65,14.65,"44,408,700"
"Dec 16, 2021",15.36,15.44,14.18,14.27,14.27,"43,018,000"
"Dec 15, 2021",14.44,15.28,14.03,15.16,15.16,"33,540,400"
"Dec 14, 2021",14.27,14.72,14.16,14.48,14.48,"26,707,800"
"Dec 13, 2021",14.89,15.25,14.02,14.58,14.58,"40,507,500"
"Dec 10, 2021",15.79,15.87,14.87,15.01,15.01,"41,344,200"
"Dec 9, 2021",16.66,16.91,15.55,15.66,15.66,"32,398,900"
"Dec 8, 2021",16.79,17.17,16.25,16.94,16.94,"25,262,600"
"Dec 7, 2021",16.14,16.72,16.12,16.62,16.62,"30,846,600"
"Dec 6, 2021",15.06,15.84,14.50,15.72,15.72,"34,134,800"
"Dec 3, 2021",16.43,16.44,14.62,15.19,15.19,"64,350,700"
"Dec 2, 2021",16.41,16.63,15.96,16.43,16.43,"27,033,800"
"Dec 1, 2021",17.41,17.91,16.23,16.39,16.39,"34,471,500"
"Nov 30, 2021",18.25,18.54,17.13,17.20,17.20,"67,190,100"
"Nov 29, 2021",18.58,18.69,17.87,18.43,18.43,"23,366,900"
"Nov 26, 2021",17.88,18.32,17.80,18.21,18.21,"13,253,100"
"Nov 24, 2021",17.45,18.58,17.35,18.33,18.33,"28,778,600"
"Nov 23, 2021",18.53,18.66,17.38,17.81,17.81,"31,341,700"
"Nov 22, 2021",20.52,20.60,18.32,18.75,18.75,"39,766,000"
"Nov 19, 2021",20.11,21.10,19.94,20.37,20.37,"25,321,200"
"Nov 18, 2021",21.20,21.32,20.20,20.57,20.57,"25,447,500"
"Nov 17, 2021",21.85,22.04,21.02,21.12,21.12,"18,998,300"
"Nov 16, 2021",22.60,22.63,21.42,21.67,21.67,"41,386,800"
"Nov 15, 2021",22.98,24.12,22.75,22.92,22.92,"30,384,300"
"Nov 12, 2021",23.17,23.60,22.17,22.76,22.76,"29,275,500"
"Nov 11, 2021",23.99,24.65,22.60,22.97,22.97,"72,680,100"
"Nov 10, 2021",21.14,21.85,19.85,20.42,20.42,"46,108,800"
"Nov 9, 2021",23.14,23.25,21.61,22.14,22.14,"24,573,000"
"Nov 8, 2021",22.63,23.07,22.44,22.74,22.74,"16,884,900"
"Nov 5, 2021",22.89,23.22,22.24,22.57,22.57,"19,635,300"
"Nov 4, 2021",23.18,23.55,22.83,23.29,23.29,"18,496,800"
"Nov 3, 2021",22.67,23.63,22.44,22.96,22.96,"26,468,800"
"Nov 2, 2021",22.67,22.93,21.60,22.68,22.68,"35,482,300"
"Nov 1, 2021",20.53,22.81,20.28,22.62,22.62,"52,780,200"
"Oct 29, 2021",19.80,20.16,19.69,20.09,20.09,"11,538,000"
"Oct 28, 2021",19.56,20.20,19.48,19.91,19.91,"15,070,700"
"Oct 27, 2021",20.00,20.48,19.14,19.25,19.25,"17,585,700"
"Oct 26, 2021",20.94,20.97,19.46,19.96,19.96,"26,725,500"
"Oct 25, 2021",20.62,21.08,20.10,20.69,20.69,"15,053,100"
"Oct 22, 2021",20.86,21.06,20.20,20.58,20.58,"18,994,500"
"Oct 21, 2021",20.89,21.77,20.76,20.99,20.99,"24,771,700"
"Oct 20, 2021",20.36,21.19,19.87,21.05,21.05,"25,757,100"
"Oct 19, 2021",21.04,21.08,20.18,20.22,20.22,"26,292,200"
"Oct 18, 2021",19.18,21.00,19.12,20.85,20.85,"48,421,800"
"Oct 15, 2021",19.56,19.86,19.32,19.38,19.38,"22,190,300"
"Oct 14, 2021",19.80,19.81,18.94,19.62,19.62,"33,917,700"
"Oct 13, 2021",19.00,19.31,18.49,18.92,18.92,"31,335,900"
"Oct 12, 2021",18.17,19.02,17.84,18.97,18.97,"47,239,700"
"Oct 11, 2021",16.90,18.51,16.83,18.39,18.39,"69,669,600"
"Oct 8, 2021",16.53,16.65,16.17,16.21,16.21,"11,054,400"
"Oct 7, 2021",16.94,17.09,16.34,16.40,16.40,"15,267,800"
"Oct 6, 2021",16.00,16.64,15.92,16.62,16.62,"11,896,400"
"Oct 5, 2021",16.15,16.76,16.08,16.25,16.25,"13,941,200"
"Oct 4, 2021",16.29,16.68,15.88,16.09,16.09,"21,849,700"
"Oct 1, 2021",15.88,16.49,15.75,16.45,16.45,"18,850,300"
"Sep 30, 2021",15.90,16.06,15.30,15.88,15.88,"38,688,800"
"Sep 29, 2021",16.35,17.17,16.01,16.01,16.01,"38,323,200"
"Sep 28, 2021",17.40,17.67,16.80,17.04,17.04,"25,569,500"
"Sep 27, 2021",17.66,18.08,16.85,17.70,17.70,"35,517,600"
"Sep 24, 2021",16.86,17.79,16.62,17.64,17.64,"22,923,000"
"Sep 23, 2021",17.20,17.35,16.67,17.14,17.14,"29,369,500"
"Sep 22, 2021",15.86,17.08,15.61,16.84,16.84,"55,383,300"
"Sep 21, 2021",14.62,15.28,14.56,15.17,15.17,"23,601,500"
"Sep 20, 2021",14.58,14.91,14.42,14.57,14.57,"27,954,600"
"Sep 17, 2021",15.52,15.58,15.06,15.09,15.09,"55,126,300"
"Sep 16, 2021",15.47,15.66,15.23,15.50,15.50,"24,121,300"
"Sep 15, 2021",14.84,15.50,14.63,15.45,15.45,"34,832,000"
"Sep 14, 2021",15.02,15.33,14.38,14.50,14.50,"24,475,700"
"Sep 13, 2021",15.33,15.39,14.67,15.01,15.01,"20,253,100"
"Sep 10, 2021",15.77,15.91,15.23,15.29,15.29,"17,029,500"
"Sep 9, 2021",15.31,15.84,15.26,15.69,15.69,"18,395,800"
"Sep 8, 2021",15.81,16.01,15.14,15.47,15.47,"15,621,400"
"Sep 7, 2021",15.50,16.13,15.46,15.84,15.84,"21,664,600"
"Sep 3, 2021",15.02,15.53,14.92,15.16,15.16,"18,793,200"
"Sep 2, 2021",14.60,15.20,14.40,15.06,15.06,"19,534,100"
"Sep 1, 2021",14.14,14.69,14.11,14.57,14.57,"16,856,500"
"Aug 31, 2021",14.18,14.25,13.97,14.18,14.18,"14,530,700"
"Aug 30, 2021",14.18,14.38,14.01,14.19,14.19,"15,445,700"
"Aug 27, 2021",14.31,14.41,14.04,14.04,14.04,"19,756,400"
"Aug 26, 2021",14.76,14.79,14.20,14.36,14.36,"16,743,800"
"Aug 25, 2021",14.80,15.08,14.51,14.85,14.85,"13,785,300"
"Aug 24, 2021",14.48,14.93,14.47,14.76,14.76,"13,649,900"
"Aug 23, 2021",14.27,14.50,14.22,14.43,14.43,"13,277,100"
"Aug 20, 2021",13.98,14.27,13.90,14.04,14.04,"17,618,000"
"Aug 19, 2021",13.99,14.12,13.77,13.82,13.82,"15,576,700"
"Aug 18, 2021",13.98,14.58,13.85,14.22,14.22,"20,754,500"
"Aug 17, 2021",14.08,14.70,13.56,13.75,13.75,"31,925,000"
"Aug 16, 2021",15.01,15.14,14.18,14.29,14.29,"26,155,000"
"Aug 13, 2021",15.35,15.53,14.91,14.99,14.99,"59,983,500"
"Aug 12, 2021",16.97,17.52,16.74,17.46,17.46,"35,861,400"
"Aug 11, 2021",17.16,17.27,16.51,16.90,16.90,"17,104,700"
"Aug 10, 2021",17.02,17.27,16.56,16.99,16.99,"12,830,200"
"Aug 9, 2021",16.99,17.32,16.56,16.91,16.91,"15,571,300"
"Aug 6, 2021",16.06,16.94,16.06,16.71,16.71,"13,993,700"
"Aug 5, 2021",16.60,16.73,15.88,16.06,16.06,"14,501,500"
"Aug 4, 2021",15.23,16.58,15.20,16.39,16.39,"25,718,500"
"Aug 3, 2021",15.77,16.05,15.01,15.11,15.11,"16,166,800"
"Aug 2, 2021",15.58,16.32,15.41,15.73,15.73,"15,097,600"
"Jul 30, 2021",15.35,15.79,15.35,15.44,15.44,"6,653,700"
"Jul 29, 2021",15.88,16.24,15.51,15.60,15.60,"12,748,300"
"Jul 28, 2021",15.12,15.48,15.08,15.37,15.37,"10,131,600"
"Jul 27, 2021",15.49,15.50,14.72,14.92,14.92,"16,735,400"
"Jul 26, 2021",15.76,16.09,15.48,15.51,15.51,"8,994,900"
"Jul 23, 2021",15.89,16.05,15.44,15.70,15.70,"10,370,000"
"Jul 22, 2021",16.49,16.60,15.71,16.05,16.05,"18,833,300"
"Jul 21, 2021",15.14,16.65,15.10,16.56,16.56,"27,892,400"
"Jul 20, 2021",15.18,15.29,14.94,15.06,15.06,"11,683,000"
"Jul 19, 2021",15.00,15.53,14.87,15.17,15.17,"14,780,900"
"Jul 16, 2021",16.10,16.19,15.22,15.30,15.30,"14,214,600"
"Jul 15, 2021",15.62,16.42,15.45,15.99,15.99,"16,186,000"
"Jul 14, 2021",16.05,16.22,15.37,15.52,15.52,"19,069,000"
"Jul 13, 2021",16.38,16.62,15.80,16.00,16.00,"16,623,000"
"Jul 12, 2021",16.51,16.84,16.22,16.42,16.42,"14,071,000"
"Jul 9, 2021",16.92,17.30,16.43,16.45,16.45,"17,663,000"
"Jul 8, 2021",16.30,16.80,16.10,16.62,16.62,"18,443,700"
"Jul 7, 2021",17.56,17.58,16.80,16.94,16.94,"17,530,000"
"Jul 6, 2021",18.08,18.08,17.22,17.35,17.35,"20,245,500"
"Jul 2, 2021",18.27,18.58,17.75,18.08,18.08,"25,687,900"
"Jul 1, 2021",19.23,19.24,18.16,18.25,18.25,"19,839,100"
"Jun 30, 2021",19.33,19.80,19.00,19.17,19.17,"27,479,600"
"Jun 29, 2021",20.52,20.99,18.64,18.87,18.87,"57,158,300"
"Jun 28, 2021",18.17,19.97,17.65,19.26,19.26,"56,821,000"
"Jun 25, 2021",19.77,19.90,18.50,18.50,18.50,"36,679,200"
"Jun 24, 2021",21.52,21.65,20.81,20.87,20.87,"6,475,100"
"Jun 23, 2021",21.33,21.70,20.90,21.40,21.40,"5,328,500"
"Jun 22, 2021",22.66,22.82,21.09,21.20,21.20,"6,586,300"
"Jun 21, 2021",22.82,23.20,22.22,22.51,22.51,"3,590,300"
"Jun 18, 2021",22.72,23.68,22.22,23.04,23.04,"5,991,500"
"Jun 17, 2021",22.00,23.27,21.40,22.70,22.70,"7,359,600"
"Jun 16, 2021",21.21,22.64,21.10,21.83,21.83,"9,596,000"
"Jun 15, 2021",21.59,21.68,20.69,20.80,20.80,"3,531,200"
"Jun 14, 2021",22.25,22.58,21.39,21.82,21.82,"4,099,800"
"Jun 11, 2021",23.10,23.30,22.16,22.40,22.40,"2,769,400"
"Jun 10, 2021",22.83,23.40,21.43,23.02,23.02,"6,526,500"
"Jun 9, 2021",24.25,24.46,22.23,22.71,22.71,"9,407,300"
"Jun 8, 2021",21.02,24.20,20.65,23.89,23.89,"11,306,900"
"Jun 7, 2021",20.70,21.47,20.31,21.21,21.21,"4,755,400"
"Jun 4, 2021",22.87,22.87,20.00,20.82,20.82,"13,434,200"
"Jun 3, 2021",22.84,23.50,22.35,22.68,22.68,"5,879,000"
"Jun 2, 2021",23.66,24.95,22.65,23.21,23.21,"14,678,900"
"Jun 1, 2021",21.97,22.90,20.43,22.65,22.65,"9,159,400"
"May 28, 2021",19.77,20.65,19.30,20.15,20.15,"5,370,500"
"May 27, 2021",19.88,20.04,19.25,19.79,19.79,"4,097,900"
"May 26, 2021",20.04,20.28,19.01,19.90,19.90,"6,073,300"
"May 25, 2021",20.50,21.80,19.84,20.18,20.18,"9,338,500"
"May 24, 2021",19.00,20.08,18.87,19.78,19.78,"5,276,200"
"May 21, 2021",18.70,18.85,18.28,18.78,18.78,"3,054,800"
"May 20, 2021",17.75,18.75,17.75,18.40,18.40,"5,498,600"
"May 19, 2021",16.31,17.74,16.20,17.43,17.43,"4,685,700"
"May 18, 2021",16.00,17.40,15.80,16.80,16.80,"5,163,700"
"May 17, 2021",15.02,15.90,14.95,15.48,15.48,"2,563,400"
"May 14, 2021",14.96,15.49,14.62,14.94,14.94,"2,838,700"
"May 13, 2021",15.20,15.45,14.14,14.61,14.61,"3,765,200"
"May 12, 2021",15.13,15.55,14.90,15.05,15.05,"4,218,100"
"May 11, 2021",15.15,16.33,15.08,15.17,15.17,"5,043,000"
"May 10, 2021",17.40,17.55,16.27,16.37,16.37,"4,997,000"
"May 7, 2021",15.20,16.99,14.87,16.51,16.51,"5,987,800"
"May 6, 2021",15.50,15.56,14.90,15.00,15.00,"2,630,300"
"May 5, 2021",16.24,16.30,15.48,15.54,15.54,"290,200"
"May 4, 2021",16.19,16.40,15.71,16.17,16.17,"1,985,800"
"May 3, 2021",17.00,17.15,16.18,16.37,16.37,"1,636,500"
"Apr 30, 2021",17.00,17.37,16.94,17.00,17.00,"1,385,100"
"Apr 29, 2021",17.87,17.87,16.82,17.43,17.43,"2,095,200"
"Apr 28, 2021",17.25,17.70,17.06,17.55,17.55,"1,771,200"
"Apr 27, 2021",17.15,17.55,16.75,17.40,17.40,"2,583,000"
"Apr 26, 2021",16.48,16.87,16.02,16.68,16.68,"1,964,800"
"Apr 23, 2021",16.39,16.63,15.62,16.17,16.17,"3,029,400"
"Apr 22, 2021",15.94,16.47,15.40,15.84,15.84,"3,141,200"
"Apr 21, 2021",14.85,15.78,14.70,15.21,15.21,"3,494,000"
"Apr 20, 2021",15.50,15.84,14.74,14.87,14.87,"3,430,900"
"Apr 19, 2021",16.04,16.12,15.16,15.39,15.39,"3,816,600"
"Apr 16, 2021",16.14,16.44,15.93,16.32,16.32,"2,167,000"
"Apr 15, 2021",16.75,16.87,16.23,16.28,16.28,"2,088,900"
"Apr 14, 2021",16.94,17.24,16.46,16.68,16.68,"2,418,200"
"Apr 13, 2021",16.66,17.05,16.51,16.83,16.83,"2,235,000"
"Apr 12, 2021",17.87,17.96,16.85,17.00,17.00,"2,309,300"
"Apr 9, 2021",17.96,18.26,17.60,17.77,17.77,"1,655,000"
"Apr 8, 2021",17.03,18.64,17.02,18.14,18.14,"2,527,700"
"Apr 7, 2021",17.25,17.37,16.90,17.20,17.20,"1,988,100"
"Apr 6, 2021",16.51,17.30,16.50,17.26,17.26,"1,849,500"
"Apr 5, 2021",17.74,17.84,16.66,16.72,16.72,"2,506,600"
"Apr 1, 2021",17.51,17.64,16.91,17.27,17.27,"2,322,600"
"Mar 31, 2021",16.97,17.36,16.68,17.15,17.15,"2,665,300"
"Mar 30, 2021",16.27,17.22,15.90,16.50,16.50,"2,634,400"
"Mar 29, 2021",16.98,17.09,16.22,16.44,16.44,"2,827,900"
"Mar 26, 2021",17.14,17.72,16.52,17.10,17.10,"4,598,700"
"Mar 25, 2021",15.70,16.79,15.11,16.63,16.63,"5,364,400"
"Mar 24, 2021",17.56,17.82,16.25,16.48,16.48,"4,642,100"
"Mar 23, 2021",17.96,18.18,17.27,17.90,17.90,"2,939,000"
"Mar 22, 2021",18.28,18.49,17.82,18.27,18.27,"2,317,000"
"Mar 19, 2021",17.77,18.43,17.06,18.25,18.25,"3,667,400"
"Mar 18, 2021",18.50,19.10,18.05,18.14,18.14,"2,999,200"
"Mar 17, 2021",17.61,19.35,17.50,19.15,19.15,"3,651,400"
"Mar 16, 2021",19.27,19.48,18.01,18.45,18.45,"3,023,700"
"Mar 15, 2021",19.02,19.58,18.47,19.48,19.48,"3,515,900"
"Mar 12, 2021",18.38,19.29,18.14,19.02,19.02,"2,859,100"
"Mar 11, 2021",19.50,19.82,18.70,19.36,19.36,"4,959,600"
"Mar 10, 2021",18.28,19.48,17.80,19.06,19.06,"7,508,200"
"Mar 9, 2021",17.25,18.39,16.55,17.48,17.48,"8,573,200"
"Mar 8, 2021",16.84,17.70,15.76,16.11,16.11,"7,871,800"
"Mar 5, 2021",16.41,17.88,13.14,17.72,17.72,"18,226,600"
"Mar 4, 2021",17.30,17.58,14.75,16.06,16.06,"15,322,900"
"Mar 3, 2021",18.78,19.00,17.10,17.22,17.22,"7,175,500"
"Mar 2, 2021",19.40,19.61,18.62,18.77,18.77,"3,809,000"
"Mar 1, 2021",19.74,19.85,19.05,19.34,19.34,"4,422,200"
"Feb 26, 2021",18.85,19.22,17.77,18.43,18.43,"9,106,700"
"Feb 25, 2021",20.43,21.00,18.52,18.72,18.72,"7,962,300"
"Feb 24, 2021",20.00,20.30,19.00,19.41,19.41,"7,947,300"
"Feb 23, 2021",19.99,20.60,16.84,20.12,20.12,"12,561,900"
"Feb 22, 2021",22.50,22.84,21.02,21.29,21.29,"6,530,300"
"Feb 19, 2021",23.50,23.60,22.60,22.69,22.69,"5,138,800"
"Feb 18, 2021",22.60,23.32,22.26,23.23,23.23,"5,747,000"
"Feb 17, 2021",24.27,24.30,23.00,23.88,23.88,"4,731,300"
"Feb 16, 2021",24.45,24.70,23.56,24.30,24.30,"6,134,900"
"Feb 12, 2021",22.84,24.48,22.81,23.90,23.90,"5,847,400"
"Feb 11, 2021",23.00,23.95,22.32,23.07,23.07,"8,551,100"
"Feb 10, 2021",23.70,23.79,22.25,22.99,22.99,"6,308,100"
"Feb 9, 2021",22.93,24.00,22.75,23.12,23.12,"6,375,300"
"Feb 8, 2021",23.40,24.39,22.80,23.00,23.00,"7,344,500"
"Feb 5, 2021",24.29,24.52,22.90,23.10,23.10,"12,226,800"
"Feb 4, 2021",24.07,25.12,23.42,25.06,25.06,"8,449,800"
"Feb 3, 2021",24.80,25.75,24.51,24.95,24.95,"4,251,500"
"Feb 2, 2021",26.01,26.18,23.85,24.33,24.33,"8,973,900"
"Feb 1, 2021",25.85,28.26,25.14,25.78,25.78,"18,319,100"
"Jan 29, 2021",23.19,26.97,21.80,25.14,25.14,"36,434,600"
"Jan 28, 2021",20.42,20.92,19.10,20.28,20.28,"12,032,100"
"Jan 27, 2021",19.00,19.25,17.90,18.18,18.18,"16,297,600"
"Jan 26, 2021",20.40,21.32,19.50,19.57,19.57,"9,172,400"
"Jan 25, 2021",22.16,22.85,20.00,20.48,20.48,"9,701,800"
"Jan 22, 2021",22.09,22.99,21.19,21.65,21.65,"6,727,300"
"Jan 21, 2021",23.00,23.05,21.50,22.39,22.39,"6,971,500"
"Jan 20, 2021",23.86,24.62,22.11,22.37,22.37,"10,236,100"
"Jan 19, 2021",21.90,24.22,21.06,22.59,22.59,"22,266,200"
"Jan 15, 2021",19.32,21.05,19.11,20.16,20.16,"13,024,900"
"Jan 14, 2021",19.40,19.45,18.92,19.16,19.16,"7,705,100"
"Jan 13, 2021",18.90,19.59,18.53,19.11,19.11,"8,226,400"
"Jan 12, 2021",18.98,19.19,18.25,18.45,18.45,"7,138,600"
"Jan 11, 2021",19.37,19.75,18.65,18.99,18.99,"11,702,200"
"Jan 8, 2021",21.46,22.00,17.89,18.74,18.74,"35,657,000"
"Jan 7, 2021",12.20,22.00,12.05,19.14,19.14,"64,877,000"
"Jan 6, 2021",12.15,12.20,11.89,12.12,12.12,"1,105,700"
"Jan 5, 2021",12.15,12.28,12.09,12.15,12.15,"1,304,000"
"Jan 4, 2021",12.59,12.59,11.80,12.20,12.20,"1,371,400"
